{
  "cnn_waveform": {
    "r2_score": 0.10728234052658081,
    "rmse": 40.00034332128054,
    "mae": "29.87975"
  },
  "cnn_spectrogram": {
    "r2_score": 0.039749205112457275,
    "rmse": 41.485753567019096,
    "mae": "27.770794"
  },
  "lstm": {
    "r2_score": 0.10696381330490112,
    "rmse": 40.00747915917566,
    "mae": "26.692238"
  }
}