Metric,Value
accuracy,95.87411851384064
auc,0.9202533320137906
best_val_acc,95.96358278075992
