{
  "train_losses": [
    0.1292719799888483,
    0.10859085288783064,
    0.10267411535646105,
    0.09799927242723808,
    0.09709691744926688,
    0.09482246776169212,
    0.09268265224934097,
    0.09148399046155883,
    0.09012457970523075,
    0.08893404065659552,
    0.09681184334521858,
    0.09483622243489484,
    0.09541949009137096,
    0.09377766062114469,
    0.09265497754916581,
    0.09209453056648395,
    0.0916507139117934,
    0.09037842550301524,
    0.08915453233748062,
    0.08780478039846458,
    0.08657444369089541,
    0.08583489990380591,
    0.08326767244232444,
    0.08162536293276267,
    0.08763972949471814
  ],
  "val_losses": [
    0.11011317973134895,
    0.09878028199540746,
    0.09625399043714558,
    0.09063099142515198,
    0.09057538873619503,
    0.08972929954930187,
    0.08981869530610063,
    0.08866802842265327,
    0.08840780994958347,
    0.0884133225890121,
    0.09059452817395881,
    0.08992122706050926,
    0.09133440458689274,
    0.08941920652283161,
    0.091686406561647,
    0.09011198567408403,
    0.09048118214953929,
    0.09147731498235002,
    0.08947645298986122,
    0.08932209887889901,
    0.09196027329110036,
    0.09191014279645902,
    0.09038645109657185,
    0.0919370860839733,
    0.09278277088872311
  ],
  "train_accs": [
    95.37632225906128,
    96.24128831450031,
    96.5254753366263,
    96.64388659584546,
    96.67320747908067,
    96.71831653021178,
    96.7938741908564,
    96.8141732638654,
    96.8389832419875,
    96.8649209463879,
    96.68561246814173,
    96.71944425649006,
    96.71606107765523,
    96.77244739156912,
    96.79049101202156,
    96.83560006315267,
    96.85026050477028,
    96.87619820917067,
    96.92469043913661,
    96.94950041725872,
    96.9968649209464,
    97.04084624579922,
    97.11076527505244,
    97.16151295757494,
    96.99009856327672
  ],
  "val_accs": [
    95.39522155562572,
    96.47931796652983,
    96.59509525313125,
    96.80559941058836,
    96.82664982633408,
    96.85296284601621,
    96.81612461846122,
    96.86875065782549,
    96.87401326176192,
    96.86875065782549,
    96.80559941058836,
    96.81086201452479,
    96.76349857909693,
    96.87401326176192,
    96.81086201452479,
    96.77402378696979,
    96.78981159877908,
    96.83717503420692,
    96.81086201452479,
    96.84770024207978,
    96.80033680665193,
    96.81612461846122,
    96.83191243027049,
    96.80033680665193,
    96.82664982633408
  ],
  "best_val_acc": 96.87401326176192,
  "accuracy": 96.67403431217767,
  "auc": 0.9441389390169271,
  "predictions": [
    