Metric,Value
accuracy,96.67403431217767
auc,0.9441389390169271
best_val_acc,96.87401326176192
