Model,Accuracy,AUC,Score
cnn1d,95.87411851384064,0.9202533320137906,0.9356484732636369
