Model,Accuracy,AUC,Score
gru,97.50552573413324,0.9554459919898368,0.9632896981304351
