Model,Accuracy,AUC,Score
lstm,97.46342490264183,0.9519757228536054,0.9610391333227306
