Model,Accuracy,AUC,Score
hybrid,97.44763709083254,0.9504614781033324,0.9600674352253296
