Model,Accuracy,AUC,Score
cnn2d,96.67403431217767,0.9441389390169271,0.953179500658867
