Model,Accuracy,AUC,Score
resnet,96.48458057046626,0.9405823273502842,0.9502877186920357
