Model,Accuracy,AUC,Score
gru,97.50552573413324,0.9554459919898368,0.9632896981304351
lstm,97.46342490264183,0.9519757228536054,0.9610391333227306
hybrid,97.44763709083254,0.9504614781033324,0.9600674352253296
cnn2d,96.67403431217767,0.9441389390169271,0.953179500658867
resnet,96.48458057046626,0.9405823273502842,0.9502877186920357
cnn1d,95.87411851384064,0.9202533320137906,0.9356484732636369
