Metric,Value
accuracy,97.50552573413324
auc,0.9554459919898368
best_val_acc,97.56867698137039
