Metric,Value
accuracy,97.46342490264183
auc,0.9519757228536054
best_val_acc,97.55815177349753
