Metric,Value
accuracy,96.48458057046626
auc,0.9405823273502842
best_val_acc,96.82664982633408
