{
  "train_losses": [
    0.13165216089439985,
    0.11925463680403703,
    0.10480844400202234,
    0.09924045988542672,
    0.09681191284634162,
    0.09496621485842556,
    0.09299740791495507,
    0.09036715716408487,
    0.08903481820289148,
    0.08753593014768213,
    0.09567581776470419,
    0.09480944535463866,
    0.09419486633519418,
    0.09282315060332375,
    0.09171370791021363,
    0.09076119921859596,
    0.08923913451236865,
    0.08757949319182966,
    0.08547964441814443,
    0.08427445636323047,
    0.0818849431675379,
    0.07960345139619485,
    0.07678107112312815,
    0.07403151103373332,
    0.07058427083537165
  ],
  "val_losses": [
    0.12613223767792336,
    0.10401365689005113,
    0.10033348863724907,
    0.09643309330410929,
    0.09168184152255555,
    0.09069512701069667,
    0.09087027722863035,
    0.09013605951598096,
    0.09018332743233302,
    0.08957058591109635,
    0.0908102635858637,
    0.09422599664114742,
    0.09199304817250682,
    0.09215638843311706,
    0.09145560128118856,
    0.0931224676212829,
    0.09002122355104496,
    0.0905222333936328,
    0.0922037094787566,
    0.0921822705302977,
    0.09227320309477523,
    0.09699317958419171,
    0.09603077350717401,
    0.10432824900731294,
    0.10522781571793537
  ],
  "train_accs": [
    95.33346866048673,
    95.52630985407222,
    96.3833818255633,
    96.56494575636601,
    96.63599251189751,
    96.67997383675035,
    96.76004240250806,
    96.8243228003699,
    96.84123869454406,
    96.89311410334484,
    96.69350655208967,
    96.70929471998556,
    96.73748787694251,
    96.78259692807362,
    96.77131966529085,
    96.81981189525678,
    96.87394275661411,
    96.8953695559014,
    96.94724496470216,
    96.99460946838984,
    97.02956898301645,
    97.10625436993932,
    97.1479802422356,
    97.23707061821955,
    97.35660960371699
  ],
  "val_accs": [
    95.5794126934007,
    96.27407641300915,
    96.01094621618778,
    96.70560993579623,
    96.7003473318598,
    96.76876118303336,
    96.76876118303336,
    96.80033680665193,
    96.77928639090622,
    96.82664982633408,
    96.74771076728766,
    96.55825702557625,
    96.77402378696979,
    96.82138722239765,
    96.71613514366909,
    96.68982212398694,
    96.7582359751605,
    96.7582359751605,
    96.7371855594148,
    96.77402378696979,
    96.78981159877908,
    96.63193348068624,
    96.67403431217767,
    96.65824650036838,
    96.62667087674981
  ],
  "best_val_acc": 96.82664982633408,
  "accuracy": 96.48458057046626,
  "auc": 0.9405823273502842,
  "predictions": [
    