Model,Accuracy,AUC,CV_Mean,CV_Std
Logistic Regression,0.9,1.0,0.75,0.06846531968814576
Random Forest,0.9,0.9895833333333334,0.8,0.10752906583803283
SVM,0.9,0.9895833333333334,0.8125,0.10458250331675945
Gradient Boosting,0.8,0.9583333333333333,0.75,0.11858541225631422
XGBoost,0.9,0.9583333333333333,0.75,0.13693063937629152
